STATE,COUNTY,MONTH,DAY,YEAR,HOUR,MINUTE,VE_FORMS,PERSONS,NHS,ROAD_FNC,ROUTE,SP_JUR,HARM_EV,MAN_COLL,REL_JUNC,REL_ROAD,TRAF_FLO,NO_LANES,SP_LIMIT,ALIGNMNT,PROFILE,PAVE_TYP,SUR_COND,TRA_CONT,T_CONT_F,HIT_RUN,LGT_COND,WEATHER,C_M_ZONE,NOT_HOUR,NOT_MIN,ARR_HOUR,ARR_MIN,HOSP_HR,HOSP_MN,SCH_BUS,CF1,CF2,CF3,FATALS,DAY_WEEK,DRUNK_DR,ST_CASE,MILEPT,CITY,TWAY_ID,RAIL,PEDS
6,37,4,13,95,21,50,1,1,0,14,6,0,1,0,1,1,1,2,25,2,1,2,1,0,0,0,3,1,0,99,99,99,99,99,99,0,0,0,0,1,5,0,60806,0,1980,EL PASO DR,0000000,0
6,37,4,13,95,23,15,1,2,0,16,4,0,14,0,1,7,1,2,35,1,1,2,1,0,0,0,3,1,0,99,99,99,99,99,99,0,4,0,0,1,5,0,60807,0,0,IVY ST,0000000,0